url	first_seen	portal	title	company	status
https://reliefweb.int/job/4156437/operations-grants-managers-southeast-asia-pacific	2026-04-10	ReliefWeb — Resource Mobilisation	Operations & Grants Managers – Southeast Asia & the Pacific	Various NGOs	added
https://www.devex.com/jobs/chief-resource-mobilisation-growth-officer-1409198	2026-04-10	Devex — Conservation Fundraising	Chief Resource Mobilisation & Growth Officer	Unknown	added
https://www.devex.com/jobs/senior-programme-manager-1420542	2026-04-10	Devex — Programme Manager Asia	Senior Programme Manager	UNOPS	added
https://www.devex.com/jobs/programme-manager-1345357	2026-04-10	Devex — Programme Manager Asia	Programme Manager	Unknown	added
https://www.devex.com/jobs/program-manager-1397677	2026-04-10	Devex — Programme Manager Asia	Program Manager	Unknown	added
https://www.devex.com/jobs/program-manager-southeast-asia-862652	2026-04-10	Devex — Programme Manager Asia	Program Manager - Southeast Asia	Unknown	added
https://www.bluemarinefoundation.com/position/senior-international-projects-manager/	2026-04-10	Oceana/Blue Marine — Fundraising	Senior International Projects Manager	Blue Marine Foundation	added
https://hrms.iucn.org/vacancy/5600	2026-04-10	IUCN Jobs	Manager, Philanthropy	IUCN	added
https://www.impactpool.org/jobs/636166	2026-04-10	Impactpool — Conservation Asia Pacific	Communications and Resource Mobilisation Specialist	UNFPA Bangkok	added
https://www.impactpool.org/jobs/1127662	2026-04-10	Impactpool — Conservation Asia Pacific	Program Director Thailand	Tara Climate Foundation	added
https://www.impactpool.org/jobs/1017627	2026-04-10	Impactpool — Conservation Asia Pacific	Partnerships and Resource Mobilization Associate	WFP	added
https://www.impactpool.org/jobs/754051	2026-04-10	Impactpool — Conservation Asia Pacific	Climate Finance & GCF Program Manager	GGGI	added
https://reliefweb.int/job/3985756/programme-manager-protection	2026-04-10	ReliefWeb — Programme Manager	Programme Manager (Protection) - Thailand	Unknown	added
https://www.impactpool.org/jobs/1005978	2026-04-10	Impactpool — Conservation Asia Pacific	Associate Programme Officer (Marine & Coastal)	UNV / COBSEA	added
https://www.wwf.sg/work-with-us/	2026-04-10	WWF Jobs — Asia Pacific	Philanthropy Lead	WWF Singapore	added
https://reliefweb.int/job/4040716/climate-action-specialist-and-coordinator	2026-04-10	ReliefWeb — Programme Manager	Climate Action Specialist and Coordinator - Thailand	Unknown	added
https://reliefweb.int/job/3982548/programme-officer-preparedness-and-response	2026-04-10	ReliefWeb — Programme Manager	Programme Officer (Preparedness and Response) - Fiji	Unknown	added
https://reliefweb.int/job/3909289/planning-monitoring-and-evaluation-pme-programme-officer	2026-04-10	ReliefWeb — Programme Manager	Planning, Monitoring and Evaluation Programme Officer - Thailand	Unknown	added
https://www.devex.com/jobs/project-leader-asia-africa-bluetech-superhighway-1138963	2026-04-10	Devex — Conservation Fundraising	Project Leader (Asia-Africa BlueTech Superhighway)	WorldFish	skipped_title
https://www.devex.com/jobs/regional-programme-lead-southeast-asia-396254	2026-04-10	Devex — Programme Manager Asia	Regional Programme Lead - Southeast Asia	Unknown	skipped_title
https://www.devex.com/jobs/programme-management-senior-analyst-1417192	2026-04-10	Devex — Programme Manager Asia	Programme Management - Senior Analyst	UNOPS	skipped_title
https://reliefweb.int/job/3852390/program-manager-ii	2026-04-10	ReliefWeb — Programme Manager	Program Manager II	Unknown	skipped_title
https://www.impactpool.org/jobs/923092	2026-04-10	Impactpool — Conservation Asia Pacific	Regional Business Development Advisor, Asia	ActionAid	skipped_title
